CodDpt,LibDpt,Filtre,Titre,id,Catégorie,label,Color,Class,min,mean,max,ref,unite,Panel,Image,Credits
,,Choisir une ville,Choisir une ville dans le menu ci-dessus pour afficher les données,,,,blanc,vide,,,,,,,https://public.flourish.studio/uploads/168913/1d155271-afd4-4763-98a8-67caf3c31195.png,"<a href=""https://www.flaticon.com/fr/icones-gratuites/chaleur"" title=""chaleur icônes"">Chaleur icônes créées par Tru3 Art - Flaticon</a>"
2A,Corse-du-Sud,2A - Ajaccio,Température moyenne,G1,Climat,hiver,climat,,"9,7","9,9","10,5","8,7",°C,"À l'échelle de la France, la température moyenne annuelle pourra augmenter de plus de 2 °C d'ici le milieu du XXIe siècle par rapport au climat récent, ce réchauffement étant plus marqué l'été que l'hiver.",https://public.flourish.studio/uploads/168913/1d155271-afd4-4763-98a8-67caf3c31195.png,"<a href=""https://www.flaticon.com/fr/icones-gratuites/chaleur"" title=""chaleur icônes"">Chaleur icônes créées par Tru3 Art - Flaticon</a>"
2A,Corse-du-Sud,2A - Ajaccio,Température moyenne,G1,Climat,printemps,climat,,"13,9","14,4","14,8","13,0",°C,"À l'échelle de la France, la température moyenne annuelle pourra augmenter de plus de 2 °C d'ici le milieu du XXIe siècle par rapport au climat récent, ce réchauffement étant plus marqué l'été que l'hiver.",https://public.flourish.studio/uploads/168913/1d155271-afd4-4763-98a8-67caf3c31195.png,"<a href=""https://www.flaticon.com/fr/icones-gratuites/chaleur"" title=""chaleur icônes"">Chaleur icônes créées par Tru3 Art - Flaticon</a>"
2A,Corse-du-Sud,2A - Ajaccio,Température moyenne,G1,Climat,été,climat,,"23,5","23,9","25,1","22,1",°C,"À l'échelle de la France, la température moyenne annuelle pourra augmenter de plus de 2 °C d'ici le milieu du XXIe siècle par rapport au climat récent, ce réchauffement étant plus marqué l'été que l'hiver.",https://public.flourish.studio/uploads/168913/1d155271-afd4-4763-98a8-67caf3c31195.png,"<a href=""https://www.flaticon.com/fr/icones-gratuites/chaleur"" title=""chaleur icônes"">Chaleur icônes créées par Tru3 Art - Flaticon</a>"
2A,Corse-du-Sud,2A - Ajaccio,Température moyenne,G1,Climat,automne,climat,,"17,6","18,1","18,8","16,6",°C,"À l'échelle de la France, la température moyenne annuelle pourra augmenter de plus de 2 °C d'ici le milieu du XXIe siècle par rapport au climat récent, ce réchauffement étant plus marqué l'été que l'hiver.",https://public.flourish.studio/uploads/168913/1d155271-afd4-4763-98a8-67caf3c31195.png,"<a href=""https://www.flaticon.com/fr/icones-gratuites/chaleur"" title=""chaleur icônes"">Chaleur icônes créées par Tru3 Art - Flaticon</a>"
2A,Corse-du-Sud,2A - Ajaccio,Jours de gel,G2,Climat,,climat,,0,1,2,4,j,"Est considéré comme jour de gel un jour où la température descend en dessous de 0 °C. À l'échelle de la France, le nombre annuel de jours de gel est prévu en forte baisse d'ici le milieu du XXIe siècle.",https://public.flourish.studio/uploads/168913/f4bc32e9-0cb4-4c94-8bf8-43f31162b2a8.png,"<a href=""https://www.flaticon.com/fr/icones-gratuites/du-froid"" title=""du froid icônes"">Du froid icônes créées par Tru3 Art - Flaticon</a>"
2A,Corse-du-Sud,2A - Ajaccio,Cumul de précipitations,G3,Climat,hiver,climat,,"205,8","234,6",264,"224,2",mm,"Les cumuls de précipitations sont calculés en mm : 1 mm de précipitations correspond au recueil d'un litre d’eau par mètre-carré de surface au sol. À l'échelle de la France, les cumuls annuels de précipitations évoluent peu d’ici 2050, mais une légère baisse en été et une légère hausse en hiver sont cependant probables sur la majorité du pays.",https://public.flourish.studio/uploads/168913/a6e4bd92-0990-4254-9b61-593e6f6e44d6.png,"<a href=""https://www.flaticon.com/fr/icones-gratuites/pluie"" title=""pluie icônes"">Pluie icônes créées par tulpahn - Flaticon</a>"
2A,Corse-du-Sud,2A - Ajaccio,Cumul de précipitations,G3,Climat,printemps,climat,,"143,3","186,3","220,9","193,4",mm,"Les cumuls de précipitations sont calculés en mm : 1 mm de précipitations correspond au recueil d'un litre d’eau par mètre-carré de surface au sol. À l'échelle de la France, les cumuls annuels de précipitations évoluent peu d’ici 2050, mais une légère baisse en été et une légère hausse en hiver sont cependant probables sur la majorité du pays.",https://public.flourish.studio/uploads/168913/a6e4bd92-0990-4254-9b61-593e6f6e44d6.png,"<a href=""https://www.flaticon.com/fr/icones-gratuites/pluie"" title=""pluie icônes"">Pluie icônes créées par tulpahn - Flaticon</a>"
2A,Corse-du-Sud,2A - Ajaccio,Cumul de précipitations,G3,Climat,été,climat,,"43,9","50,4","90,1","66,0",mm,"Les cumuls de précipitations sont calculés en mm : 1 mm de précipitations correspond au recueil d'un litre d’eau par mètre-carré de surface au sol. À l'échelle de la France, les cumuls annuels de précipitations évoluent peu d’ici 2050, mais une légère baisse en été et une légère hausse en hiver sont cependant probables sur la majorité du pays.",https://public.flourish.studio/uploads/168913/a6e4bd92-0990-4254-9b61-593e6f6e44d6.png,"<a href=""https://www.flaticon.com/fr/icones-gratuites/pluie"" title=""pluie icônes"">Pluie icônes créées par tulpahn - Flaticon</a>"
2A,Corse-du-Sud,2A - Ajaccio,Cumul de précipitations,G3,Climat,automne,climat,,"259,6","294,9","353,5","293,4",mm,"Les cumuls de précipitations sont calculés en mm : 1 mm de précipitations correspond au recueil d'un litre d’eau par mètre-carré de surface au sol. À l'échelle de la France, les cumuls annuels de précipitations évoluent peu d’ici 2050, mais une légère baisse en été et une légère hausse en hiver sont cependant probables sur la majorité du pays.",https://public.flourish.studio/uploads/168913/a6e4bd92-0990-4254-9b61-593e6f6e44d6.png,"<a href=""https://www.flaticon.com/fr/icones-gratuites/pluie"" title=""pluie icônes"">Pluie icônes créées par tulpahn - Flaticon</a>"
2A,Corse-du-Sud,2A - Ajaccio,Jours avec risque significatif de feu de végétation,R4,Risques naturels,,risques,,"7,6","12,8","25,7","8,7",j,"Un jour est considéré à risque significatif de feu de végétation lorsque l'Indice Forêt Météo (IFM) est supérieur à 40. Cet indice permet d'évaluer dans quelle mesure les conditions météorologiques sont favorables au déclenchement et à la propagation des feux. À l'horizon du milieu du XXIe siècle, les conditions climatiques plus sèches conduiront à une augmentation du nombre de jours avec un risque significatif de feu de végétation : ce risque se renforcera là où il était déjà présent et apparaîtra dans de nouvelles régions.",https://public.flourish.studio/uploads/168913/896fc10b-b9d6-4246-8757-bb8f6208e87a.png,"<a href=""https://www.flaticon.com/fr/icones-gratuites/incendies"" title=""incendies icônes"">Incendies icônes créées par Freepik - Flaticon</a>"
2A,Corse-du-Sud,2A - Ajaccio,Jours avec sol sec,R5,Risques naturels,hiver,risques,,0,3,6,2,j,"Un jour est considéré avec sol sec lorsque l'indice d'humidité des sol superficiels (SWI) est inférieur à 0,4. L'élévation de la température sur l'ensemble du territoire entraînera l'augmentation du nombre de jours avec sol sec. Une conséquence sera l'aggravation des risques de dommages sur les bâtiments, liés au retrait/gonflement des argiles.",https://public.flourish.studio/uploads/168913/53ed1fa6-f8f4-4a98-933e-f25aac7fd866.png,"<a href=""https://www.flaticon.com/fr/icones-gratuites/secheresse"" title=""sécheresse icônes"">Sécheresse icônes créées par Good Ware - Flaticon</a>"
2A,Corse-du-Sud,2A - Ajaccio,Jours avec sol sec,R5,Risques naturels,printemps,risques,,9,16,22,9,j,"Un jour est considéré avec sol sec lorsque l'indice d'humidité des sol superficiels (SWI) est inférieur à 0,4. L'élévation de la température sur l'ensemble du territoire entraînera l'augmentation du nombre de jours avec sol sec. Une conséquence sera l'aggravation des risques de dommages sur les bâtiments, liés au retrait/gonflement des argiles.",https://public.flourish.studio/uploads/168913/53ed1fa6-f8f4-4a98-933e-f25aac7fd866.png,"<a href=""https://www.flaticon.com/fr/icones-gratuites/secheresse"" title=""sécheresse icônes"">Sécheresse icônes créées par Good Ware - Flaticon</a>"
2A,Corse-du-Sud,2A - Ajaccio,Jours avec sol sec,R5,Risques naturels,été,risques,,82,87,90,83,j,"Un jour est considéré avec sol sec lorsque l'indice d'humidité des sol superficiels (SWI) est inférieur à 0,4. L'élévation de la température sur l'ensemble du territoire entraînera l'augmentation du nombre de jours avec sol sec. Une conséquence sera l'aggravation des risques de dommages sur les bâtiments, liés au retrait/gonflement des argiles.",https://public.flourish.studio/uploads/168913/53ed1fa6-f8f4-4a98-933e-f25aac7fd866.png,"<a href=""https://www.flaticon.com/fr/icones-gratuites/secheresse"" title=""sécheresse icônes"">Sécheresse icônes créées par Good Ware - Flaticon</a>"
2A,Corse-du-Sud,2A - Ajaccio,Jours avec sol sec,R5,Risques naturels,automne,risques,,50,57,74,57,j,"Un jour est considéré avec sol sec lorsque l'indice d'humidité des sol superficiels (SWI) est inférieur à 0,4. L'élévation de la température sur l'ensemble du territoire entraînera l'augmentation du nombre de jours avec sol sec. Une conséquence sera l'aggravation des risques de dommages sur les bâtiments, liés au retrait/gonflement des argiles.",https://public.flourish.studio/uploads/168913/53ed1fa6-f8f4-4a98-933e-f25aac7fd866.png,"<a href=""https://www.flaticon.com/fr/icones-gratuites/secheresse"" title=""sécheresse icônes"">Sécheresse icônes créées par Good Ware - Flaticon</a>"
2A,Corse-du-Sud,2A - Ajaccio,Jours très chauds (>35°C),S1,Santé,,sante,,"0,9","1,7","3,3","0,3",j,"Un jour est considéré comme très chaud si la température dépasse 35 °C au cours de la journée. Dans beaucoup de régions, les jours très chauds étaient relativement rares dans le climat récent. À l'horizon 2050, ils seront rencontrés plusieurs fois par an avec à la clé une augmentation des risques sanitaires.",https://public.flourish.studio/uploads/168913/a099c37e-f128-49d8-a739-4720c53ee1a2.png,"<a href=""https://www.flaticon.com/fr/icones-gratuites/ete"" title=""été icônes"">Été icônes créées par Tru3 Art - Flaticon</a>"
2A,Corse-du-Sud,2A - Ajaccio,Nuits chaudes (>20°C),S2,Santé,,sante,,49,54,71,26,j,"Une nuit est considérée comme chaude si la température durant cette nuit ne descend pas en dessous de 20 °C. Hors zone méditerranéenne, les nuits chaudes étaient relativement rares dans le climat récent. Au milieu du XXIe siècle, ces nuits deviendront beaucoup plus fréquentes dans de nombreuses régions. Dans les villes, souvent sujettes au phénomène d'îlot de chaleur urbain, l'accroissement du nombre de nuits chaudes exacerbera les problèmes sanitaires.",https://public.flourish.studio/uploads/168913/93419d60-116f-4543-8642-a08ed6dbe91f.png,"<a href=""https://www.flaticon.com/fr/icones-gratuites/astronomie"" title=""astronomie icônes"">Astronomie icônes créées par Tru3 Art - Flaticon</a>"
2A,Corse-du-Sud,2A - Ajaccio,Jours en vague de chaleur,S3,Santé,,sante,,0,3,6,0,j,"Un jour est considéré en vague de chaleur s'il s'inscrit dans un épisode, se produisant l'été, d'au moins cinq jours consécutifs pour lesquels la température maximale quotidienne excède la normale de plus de cinq degrés. L'augmentation du nombre de journées en vagues de chaleur est déjà perceptible. Cette tendance se poursuivra d'ici le milieu du XXIe siècle sur l'ensemble du pays.",https://public.flourish.studio/uploads/168913/beef26db-22fd-44a9-8b03-206645cf71eb.png,"<a href=""https://www.flaticon.com/fr/icones-gratuites/temperature"" title=""température icônes"">Température icônes créées par Tru3 Art - Flaticon</a>"
2A,Corse-du-Sud,2A - Ajaccio,Jours en vague de froid,S4,Santé,,sante,,0,0,0,0,j,"Un jour est considéré en vague de froid s'il s'inscrit dans un épisode, se produisant l'hiver, d'au moins cinq jours consécutifs pour lesquels la température minimale quotidienne est inférieure de plus de cinq degrés à la normale.",https://public.flourish.studio/uploads/168913/f4bc32e9-0cb4-4c94-8bf8-43f31162b2a8.png,"<a href=""https://www.flaticon.com/fr/icones-gratuites/du-froid"" title=""du froid icônes"">Du froid icônes créées par Tru3 Art - Flaticon</a>"
2A,Corse-du-Sud,2A - Ajaccio,Jours consécutifs sans précipitations,AG1,Agriculture,hiver,agriculture,,15,18,20,18,j,"Un jour est considéré sans pluie si les précipitations quotidiennes correspondantes sont inférieures à 1 mm, c'est-à-dire inférieures à 1 litre d'eau par mètre-carré. L'augmentation du nombre de jours consécutifs sans pluie contribue, avec le renforcement de l'évaporation associée aux températures élevées à l'aggravation du risque de sécheresse.",https://public.flourish.studio/uploads/168913/0b50539c-99be-48b0-9869-418ee1073b93.png,"<a href=""https://www.flaticon.com/fr/icones-gratuites/temps-nuageux"" title=""temps nuageux icônes"">Temps nuageux icônes créées par Tru3 Art - Flaticon</a>"
2A,Corse-du-Sud,2A - Ajaccio,Jours consécutifs sans précipitations,AG1,Agriculture,printemps,agriculture,,17,20,25,19,j,"Un jour est considéré sans pluie si les précipitations quotidiennes correspondantes sont inférieures à 1 mm, c'est-à-dire inférieures à 1 litre d'eau par mètre-carré. L'augmentation du nombre de jours consécutifs sans pluie contribue, avec le renforcement de l'évaporation associée aux températures élevées à l'aggravation du risque de sécheresse.",https://public.flourish.studio/uploads/168913/0b50539c-99be-48b0-9869-418ee1073b93.png,"<a href=""https://www.flaticon.com/fr/icones-gratuites/temps-nuageux"" title=""temps nuageux icônes"">Temps nuageux icônes créées par Tru3 Art - Flaticon</a>"
2A,Corse-du-Sud,2A - Ajaccio,Jours consécutifs sans précipitations,AG1,Agriculture,été,agriculture,,33,41,56,38,j,"Un jour est considéré sans pluie si les précipitations quotidiennes correspondantes sont inférieures à 1 mm, c'est-à-dire inférieures à 1 litre d'eau par mètre-carré. L'augmentation du nombre de jours consécutifs sans pluie contribue, avec le renforcement de l'évaporation associée aux températures élevées à l'aggravation du risque de sécheresse.",https://public.flourish.studio/uploads/168913/0b50539c-99be-48b0-9869-418ee1073b93.png,"<a href=""https://www.flaticon.com/fr/icones-gratuites/temps-nuageux"" title=""temps nuageux icônes"">Temps nuageux icônes créées par Tru3 Art - Flaticon</a>"
2A,Corse-du-Sud,2A - Ajaccio,Jours consécutifs sans précipitations,AG1,Agriculture,automne,agriculture,,15,17,21,17,j,"Un jour est considéré sans pluie si les précipitations quotidiennes correspondantes sont inférieures à 1 mm, c'est-à-dire inférieures à 1 litre d'eau par mètre-carré. L'augmentation du nombre de jours consécutifs sans pluie contribue, avec le renforcement de l'évaporation associée aux températures élevées à l'aggravation du risque de sécheresse.",https://public.flourish.studio/uploads/168913/0b50539c-99be-48b0-9869-418ee1073b93.png,"<a href=""https://www.flaticon.com/fr/icones-gratuites/temps-nuageux"" title=""temps nuageux icônes"">Temps nuageux icônes créées par Tru3 Art - Flaticon</a>"
2A,Corse-du-Sud,2A - Sartène,Température moyenne,G1,Climat,hiver,climat,,"9,6","9,9","10,6","8,7",°C,"À l'échelle de la France, la température moyenne annuelle pourra augmenter de plus de 2 °C d'ici le milieu du XXIe siècle par rapport au climat récent, ce réchauffement étant plus marqué l'été que l'hiver.",https://public.flourish.studio/uploads/168913/1d155271-afd4-4763-98a8-67caf3c31195.png,"<a href=""https://www.flaticon.com/fr/icones-gratuites/chaleur"" title=""chaleur icônes"">Chaleur icônes créées par Tru3 Art - Flaticon</a>"
2A,Corse-du-Sud,2A - Sartène,Température moyenne,G1,Climat,printemps,climat,,"13,9","14,4","14,9","13,0",°C,"À l'échelle de la France, la température moyenne annuelle pourra augmenter de plus de 2 °C d'ici le milieu du XXIe siècle par rapport au climat récent, ce réchauffement étant plus marqué l'été que l'hiver.",https://public.flourish.studio/uploads/168913/1d155271-afd4-4763-98a8-67caf3c31195.png,"<a href=""https://www.flaticon.com/fr/icones-gratuites/chaleur"" title=""chaleur icônes"">Chaleur icônes créées par Tru3 Art - Flaticon</a>"
2A,Corse-du-Sud,2A - Sartène,Température moyenne,G1,Climat,été,climat,,"23,5","23,9","25,0","22,1",°C,"À l'échelle de la France, la température moyenne annuelle pourra augmenter de plus de 2 °C d'ici le milieu du XXIe siècle par rapport au climat récent, ce réchauffement étant plus marqué l'été que l'hiver.",https://public.flourish.studio/uploads/168913/1d155271-afd4-4763-98a8-67caf3c31195.png,"<a href=""https://www.flaticon.com/fr/icones-gratuites/chaleur"" title=""chaleur icônes"">Chaleur icônes créées par Tru3 Art - Flaticon</a>"
2A,Corse-du-Sud,2A - Sartène,Température moyenne,G1,Climat,automne,climat,,"17,6","18,2","18,8","16,6",°C,"À l'échelle de la France, la température moyenne annuelle pourra augmenter de plus de 2 °C d'ici le milieu du XXIe siècle par rapport au climat récent, ce réchauffement étant plus marqué l'été que l'hiver.",https://public.flourish.studio/uploads/168913/1d155271-afd4-4763-98a8-67caf3c31195.png,"<a href=""https://www.flaticon.com/fr/icones-gratuites/chaleur"" title=""chaleur icônes"">Chaleur icônes créées par Tru3 Art - Flaticon</a>"
2A,Corse-du-Sud,2A - Sartène,Jours de gel,G2,Climat,,climat,,0,1,2,4,j,"Est considéré comme jour de gel un jour où la température descend en dessous de 0 °C. À l'échelle de la France, le nombre annuel de jours de gel est prévu en forte baisse d'ici le milieu du XXIe siècle.",https://public.flourish.studio/uploads/168913/f4bc32e9-0cb4-4c94-8bf8-43f31162b2a8.png,"<a href=""https://www.flaticon.com/fr/icones-gratuites/du-froid"" title=""du froid icônes"">Du froid icônes créées par Tru3 Art - Flaticon</a>"
2A,Corse-du-Sud,2A - Sartène,Cumul de précipitations,G3,Climat,hiver,climat,,"196,2","239,6","254,3","223,7",mm,"Les cumuls de précipitations sont calculés en mm : 1 mm de précipitations correspond au recueil d'un litre d’eau par mètre-carré de surface au sol. À l'échelle de la France, les cumuls annuels de précipitations évoluent peu d’ici 2050, mais une légère baisse en été et une légère hausse en hiver sont cependant probables sur la majorité du pays.",https://public.flourish.studio/uploads/168913/a6e4bd92-0990-4254-9b61-593e6f6e44d6.png,"<a href=""https://www.flaticon.com/fr/icones-gratuites/pluie"" title=""pluie icônes"">Pluie icônes créées par tulpahn - Flaticon</a>"
2A,Corse-du-Sud,2A - Sartène,Cumul de précipitations,G3,Climat,printemps,climat,,"145,7","185,8","206,6","195,1",mm,"Les cumuls de précipitations sont calculés en mm : 1 mm de précipitations correspond au recueil d'un litre d’eau par mètre-carré de surface au sol. À l'échelle de la France, les cumuls annuels de précipitations évoluent peu d’ici 2050, mais une légère baisse en été et une légère hausse en hiver sont cependant probables sur la majorité du pays.",https://public.flourish.studio/uploads/168913/a6e4bd92-0990-4254-9b61-593e6f6e44d6.png,"<a href=""https://www.flaticon.com/fr/icones-gratuites/pluie"" title=""pluie icônes"">Pluie icônes créées par tulpahn - Flaticon</a>"
2A,Corse-du-Sud,2A - Sartène,Cumul de précipitations,G3,Climat,été,climat,,"46,0","56,6","74,8","65,6",mm,"Les cumuls de précipitations sont calculés en mm : 1 mm de précipitations correspond au recueil d'un litre d’eau par mètre-carré de surface au sol. À l'échelle de la France, les cumuls annuels de précipitations évoluent peu d’ici 2050, mais une légère baisse en été et une légère hausse en hiver sont cependant probables sur la majorité du pays.",https://public.flourish.studio/uploads/168913/a6e4bd92-0990-4254-9b61-593e6f6e44d6.png,"<a href=""https://www.flaticon.com/fr/icones-gratuites/pluie"" title=""pluie icônes"">Pluie icônes créées par tulpahn - Flaticon</a>"
2A,Corse-du-Sud,2A - Sartène,Cumul de précipitations,G3,Climat,automne,climat,,"251,5","281,9","342,5","292,8",mm,"Les cumuls de précipitations sont calculés en mm : 1 mm de précipitations correspond au recueil d'un litre d’eau par mètre-carré de surface au sol. À l'échelle de la France, les cumuls annuels de précipitations évoluent peu d’ici 2050, mais une légère baisse en été et une légère hausse en hiver sont cependant probables sur la majorité du pays.",https://public.flourish.studio/uploads/168913/a6e4bd92-0990-4254-9b61-593e6f6e44d6.png,"<a href=""https://www.flaticon.com/fr/icones-gratuites/pluie"" title=""pluie icônes"">Pluie icônes créées par tulpahn - Flaticon</a>"
2A,Corse-du-Sud,2A - Sartène,Jours avec risque significatif de feu de végétation,R4,Risques naturels,,risques,,"7,3","12,7","23,0",8,j,"Un jour est considéré à risque significatif de feu de végétation lorsque l'Indice Forêt Météo (IFM) est supérieur à 40. Cet indice permet d'évaluer dans quelle mesure les conditions météorologiques sont favorables au déclenchement et à la propagation des feux. À l'horizon du milieu du XXIe siècle, les conditions climatiques plus sèches conduiront à une augmentation du nombre de jours avec un risque significatif de feu de végétation : ce risque se renforcera là où il était déjà présent et apparaîtra dans de nouvelles régions.",https://public.flourish.studio/uploads/168913/896fc10b-b9d6-4246-8757-bb8f6208e87a.png,"<a href=""https://www.flaticon.com/fr/icones-gratuites/incendies"" title=""incendies icônes"">Incendies icônes créées par Freepik - Flaticon</a>"
2A,Corse-du-Sud,2A - Sartène,Jours avec sol sec,R5,Risques naturels,hiver,risques,,0,3,6,1,j,"Un jour est considéré avec sol sec lorsque l'indice d'humidité des sol superficiels (SWI) est inférieur à 0,4. L'élévation de la température sur l'ensemble du territoire entraînera l'augmentation du nombre de jours avec sol sec. Une conséquence sera l'aggravation des risques de dommages sur les bâtiments, liés au retrait/gonflement des argiles.",https://public.flourish.studio/uploads/168913/53ed1fa6-f8f4-4a98-933e-f25aac7fd866.png,"<a href=""https://www.flaticon.com/fr/icones-gratuites/secheresse"" title=""sécheresse icônes"">Sécheresse icônes créées par Good Ware - Flaticon</a>"
2A,Corse-du-Sud,2A - Sartène,Jours avec sol sec,R5,Risques naturels,printemps,risques,,11,17,22,11,j,"Un jour est considéré avec sol sec lorsque l'indice d'humidité des sol superficiels (SWI) est inférieur à 0,4. L'élévation de la température sur l'ensemble du territoire entraînera l'augmentation du nombre de jours avec sol sec. Une conséquence sera l'aggravation des risques de dommages sur les bâtiments, liés au retrait/gonflement des argiles.",https://public.flourish.studio/uploads/168913/53ed1fa6-f8f4-4a98-933e-f25aac7fd866.png,"<a href=""https://www.flaticon.com/fr/icones-gratuites/secheresse"" title=""sécheresse icônes"">Sécheresse icônes créées par Good Ware - Flaticon</a>"
2A,Corse-du-Sud,2A - Sartène,Jours avec sol sec,R5,Risques naturels,été,risques,,85,88,91,84,j,"Un jour est considéré avec sol sec lorsque l'indice d'humidité des sol superficiels (SWI) est inférieur à 0,4. L'élévation de la température sur l'ensemble du territoire entraînera l'augmentation du nombre de jours avec sol sec. Une conséquence sera l'aggravation des risques de dommages sur les bâtiments, liés au retrait/gonflement des argiles.",https://public.flourish.studio/uploads/168913/53ed1fa6-f8f4-4a98-933e-f25aac7fd866.png,"<a href=""https://www.flaticon.com/fr/icones-gratuites/secheresse"" title=""sécheresse icônes"">Sécheresse icônes créées par Good Ware - Flaticon</a>"
2A,Corse-du-Sud,2A - Sartène,Jours avec sol sec,R5,Risques naturels,automne,risques,,55,59,75,58,j,"Un jour est considéré avec sol sec lorsque l'indice d'humidité des sol superficiels (SWI) est inférieur à 0,4. L'élévation de la température sur l'ensemble du territoire entraînera l'augmentation du nombre de jours avec sol sec. Une conséquence sera l'aggravation des risques de dommages sur les bâtiments, liés au retrait/gonflement des argiles.",https://public.flourish.studio/uploads/168913/53ed1fa6-f8f4-4a98-933e-f25aac7fd866.png,"<a href=""https://www.flaticon.com/fr/icones-gratuites/secheresse"" title=""sécheresse icônes"">Sécheresse icônes créées par Good Ware - Flaticon</a>"
2A,Corse-du-Sud,2A - Sartène,Jours très chauds (>35°C),S1,Santé,,sante,,"0,8","1,9","4,9","0,2",j,"Un jour est considéré comme très chaud si la température dépasse 35 °C au cours de la journée. Dans beaucoup de régions, les jours très chauds étaient relativement rares dans le climat récent. À l'horizon 2050, ils seront rencontrés plusieurs fois par an avec à la clé une augmentation des risques sanitaires.",https://public.flourish.studio/uploads/168913/a099c37e-f128-49d8-a739-4720c53ee1a2.png,"<a href=""https://www.flaticon.com/fr/icones-gratuites/ete"" title=""été icônes"">Été icônes créées par Tru3 Art - Flaticon</a>"
2A,Corse-du-Sud,2A - Sartène,Nuits chaudes (>20°C),S2,Santé,,sante,,49,54,71,25,j,"Une nuit est considérée comme chaude si la température durant cette nuit ne descend pas en dessous de 20 °C. Hors zone méditerranéenne, les nuits chaudes étaient relativement rares dans le climat récent. Au milieu du XXIe siècle, ces nuits deviendront beaucoup plus fréquentes dans de nombreuses régions. Dans les villes, souvent sujettes au phénomène d'îlot de chaleur urbain, l'accroissement du nombre de nuits chaudes exacerbera les problèmes sanitaires.",https://public.flourish.studio/uploads/168913/93419d60-116f-4543-8642-a08ed6dbe91f.png,"<a href=""https://www.flaticon.com/fr/icones-gratuites/astronomie"" title=""astronomie icônes"">Astronomie icônes créées par Tru3 Art - Flaticon</a>"
2A,Corse-du-Sud,2A - Sartène,Jours en vague de chaleur,S3,Santé,,sante,,1,4,8,0,j,"Un jour est considéré en vague de chaleur s'il s'inscrit dans un épisode, se produisant l'été, d'au moins cinq jours consécutifs pour lesquels la température maximale quotidienne excède la normale de plus de cinq degrés. L'augmentation du nombre de journées en vagues de chaleur est déjà perceptible. Cette tendance se poursuivra d'ici le milieu du XXIe siècle sur l'ensemble du pays.",https://public.flourish.studio/uploads/168913/beef26db-22fd-44a9-8b03-206645cf71eb.png,"<a href=""https://www.flaticon.com/fr/icones-gratuites/temperature"" title=""température icônes"">Température icônes créées par Tru3 Art - Flaticon</a>"
2A,Corse-du-Sud,2A - Sartène,Jours en vague de froid,S4,Santé,,sante,,0,0,0,0,j,"Un jour est considéré en vague de froid s'il s'inscrit dans un épisode, se produisant l'hiver, d'au moins cinq jours consécutifs pour lesquels la température minimale quotidienne est inférieure de plus de cinq degrés à la normale.",https://public.flourish.studio/uploads/168913/f4bc32e9-0cb4-4c94-8bf8-43f31162b2a8.png,"<a href=""https://www.flaticon.com/fr/icones-gratuites/du-froid"" title=""du froid icônes"">Du froid icônes créées par Tru3 Art - Flaticon</a>"
2A,Corse-du-Sud,2A - Sartène,Jours consécutifs sans précipitations,AG1,Agriculture,hiver,agriculture,,15,17,20,17,j,"Un jour est considéré sans pluie si les précipitations quotidiennes correspondantes sont inférieures à 1 mm, c'est-à-dire inférieures à 1 litre d'eau par mètre-carré. L'augmentation du nombre de jours consécutifs sans pluie contribue, avec le renforcement de l'évaporation associée aux températures élevées à l'aggravation du risque de sécheresse.",https://public.flourish.studio/uploads/168913/0b50539c-99be-48b0-9869-418ee1073b93.png,"<a href=""https://www.flaticon.com/fr/icones-gratuites/temps-nuageux"" title=""temps nuageux icônes"">Temps nuageux icônes créées par Tru3 Art - Flaticon</a>"
2A,Corse-du-Sud,2A - Sartène,Jours consécutifs sans précipitations,AG1,Agriculture,printemps,agriculture,,17,20,25,19,j,"Un jour est considéré sans pluie si les précipitations quotidiennes correspondantes sont inférieures à 1 mm, c'est-à-dire inférieures à 1 litre d'eau par mètre-carré. L'augmentation du nombre de jours consécutifs sans pluie contribue, avec le renforcement de l'évaporation associée aux températures élevées à l'aggravation du risque de sécheresse.",https://public.flourish.studio/uploads/168913/0b50539c-99be-48b0-9869-418ee1073b93.png,"<a href=""https://www.flaticon.com/fr/icones-gratuites/temps-nuageux"" title=""temps nuageux icônes"">Temps nuageux icônes créées par Tru3 Art - Flaticon</a>"
2A,Corse-du-Sud,2A - Sartène,Jours consécutifs sans précipitations,AG1,Agriculture,été,agriculture,,34,42,54,39,j,"Un jour est considéré sans pluie si les précipitations quotidiennes correspondantes sont inférieures à 1 mm, c'est-à-dire inférieures à 1 litre d'eau par mètre-carré. L'augmentation du nombre de jours consécutifs sans pluie contribue, avec le renforcement de l'évaporation associée aux températures élevées à l'aggravation du risque de sécheresse.",https://public.flourish.studio/uploads/168913/0b50539c-99be-48b0-9869-418ee1073b93.png,"<a href=""https://www.flaticon.com/fr/icones-gratuites/temps-nuageux"" title=""temps nuageux icônes"">Temps nuageux icônes créées par Tru3 Art - Flaticon</a>"
2A,Corse-du-Sud,2A - Sartène,Jours consécutifs sans précipitations,AG1,Agriculture,automne,agriculture,,15,17,21,17,j,"Un jour est considéré sans pluie si les précipitations quotidiennes correspondantes sont inférieures à 1 mm, c'est-à-dire inférieures à 1 litre d'eau par mètre-carré. L'augmentation du nombre de jours consécutifs sans pluie contribue, avec le renforcement de l'évaporation associée aux températures élevées à l'aggravation du risque de sécheresse.",https://public.flourish.studio/uploads/168913/0b50539c-99be-48b0-9869-418ee1073b93.png,"<a href=""https://www.flaticon.com/fr/icones-gratuites/temps-nuageux"" title=""temps nuageux icônes"">Temps nuageux icônes créées par Tru3 Art - Flaticon</a>"
2B,Haute-Corse,2B - Bastia,Température moyenne,G1,Climat,hiver,climat,,"8,8","9,1","9,8","7,8",°C,"À l'échelle de la France, la température moyenne annuelle pourra augmenter de plus de 2 °C d'ici le milieu du XXIe siècle par rapport au climat récent, ce réchauffement étant plus marqué l'été que l'hiver.",https://public.flourish.studio/uploads/168913/1d155271-afd4-4763-98a8-67caf3c31195.png,"<a href=""https://www.flaticon.com/fr/icones-gratuites/chaleur"" title=""chaleur icônes"">Chaleur icônes créées par Tru3 Art - Flaticon</a>"
2B,Haute-Corse,2B - Bastia,Température moyenne,G1,Climat,printemps,climat,,"13,5","14,0","14,5","12,5",°C,"À l'échelle de la France, la température moyenne annuelle pourra augmenter de plus de 2 °C d'ici le milieu du XXIe siècle par rapport au climat récent, ce réchauffement étant plus marqué l'été que l'hiver.",https://public.flourish.studio/uploads/168913/1d155271-afd4-4763-98a8-67caf3c31195.png,"<a href=""https://www.flaticon.com/fr/icones-gratuites/chaleur"" title=""chaleur icônes"">Chaleur icônes créées par Tru3 Art - Flaticon</a>"
2B,Haute-Corse,2B - Bastia,Température moyenne,G1,Climat,été,climat,,"23,5","23,9","25,2","21,9",°C,"À l'échelle de la France, la température moyenne annuelle pourra augmenter de plus de 2 °C d'ici le milieu du XXIe siècle par rapport au climat récent, ce réchauffement étant plus marqué l'été que l'hiver.",https://public.flourish.studio/uploads/168913/1d155271-afd4-4763-98a8-67caf3c31195.png,"<a href=""https://www.flaticon.com/fr/icones-gratuites/chaleur"" title=""chaleur icônes"">Chaleur icônes créées par Tru3 Art - Flaticon</a>"
2B,Haute-Corse,2B - Bastia,Température moyenne,G1,Climat,automne,climat,,"16,7","17,4","18,1","15,7",°C,"À l'échelle de la France, la température moyenne annuelle pourra augmenter de plus de 2 °C d'ici le milieu du XXIe siècle par rapport au climat récent, ce réchauffement étant plus marqué l'été que l'hiver.",https://public.flourish.studio/uploads/168913/1d155271-afd4-4763-98a8-67caf3c31195.png,"<a href=""https://www.flaticon.com/fr/icones-gratuites/chaleur"" title=""chaleur icônes"">Chaleur icônes créées par Tru3 Art - Flaticon</a>"
2B,Haute-Corse,2B - Bastia,Jours de gel,G2,Climat,,climat,,0,1,2,4,j,"Est considéré comme jour de gel un jour où la température descend en dessous de 0 °C. À l'échelle de la France, le nombre annuel de jours de gel est prévu en forte baisse d'ici le milieu du XXIe siècle.",https://public.flourish.studio/uploads/168913/f4bc32e9-0cb4-4c94-8bf8-43f31162b2a8.png,"<a href=""https://www.flaticon.com/fr/icones-gratuites/du-froid"" title=""du froid icônes"">Du froid icônes créées par Tru3 Art - Flaticon</a>"
2B,Haute-Corse,2B - Bastia,Cumul de précipitations,G3,Climat,hiver,climat,,"230,4","258,9","297,5","240,8",mm,"Les cumuls de précipitations sont calculés en mm : 1 mm de précipitations correspond au recueil d'un litre d’eau par mètre-carré de surface au sol. À l'échelle de la France, les cumuls annuels de précipitations évoluent peu d’ici 2050, mais une légère baisse en été et une légère hausse en hiver sont cependant probables sur la majorité du pays.",https://public.flourish.studio/uploads/168913/a6e4bd92-0990-4254-9b61-593e6f6e44d6.png,"<a href=""https://www.flaticon.com/fr/icones-gratuites/pluie"" title=""pluie icônes"">Pluie icônes créées par tulpahn - Flaticon</a>"
2B,Haute-Corse,2B - Bastia,Cumul de précipitations,G3,Climat,printemps,climat,,"176,7","206,9","250,7","215,0",mm,"Les cumuls de précipitations sont calculés en mm : 1 mm de précipitations correspond au recueil d'un litre d’eau par mètre-carré de surface au sol. À l'échelle de la France, les cumuls annuels de précipitations évoluent peu d’ici 2050, mais une légère baisse en été et une légère hausse en hiver sont cependant probables sur la majorité du pays.",https://public.flourish.studio/uploads/168913/a6e4bd92-0990-4254-9b61-593e6f6e44d6.png,"<a href=""https://www.flaticon.com/fr/icones-gratuites/pluie"" title=""pluie icônes"">Pluie icônes créées par tulpahn - Flaticon</a>"
2B,Haute-Corse,2B - Bastia,Cumul de précipitations,G3,Climat,été,climat,,"72,3","81,2","120,0","87,3",mm,"Les cumuls de précipitations sont calculés en mm : 1 mm de précipitations correspond au recueil d'un litre d’eau par mètre-carré de surface au sol. À l'échelle de la France, les cumuls annuels de précipitations évoluent peu d’ici 2050, mais une légère baisse en été et une légère hausse en hiver sont cependant probables sur la majorité du pays.",https://public.flourish.studio/uploads/168913/a6e4bd92-0990-4254-9b61-593e6f6e44d6.png,"<a href=""https://www.flaticon.com/fr/icones-gratuites/pluie"" title=""pluie icônes"">Pluie icônes créées par tulpahn - Flaticon</a>"
2B,Haute-Corse,2B - Bastia,Cumul de précipitations,G3,Climat,automne,climat,,"300,9","363,4","424,4","358,2",mm,"Les cumuls de précipitations sont calculés en mm : 1 mm de précipitations correspond au recueil d'un litre d’eau par mètre-carré de surface au sol. À l'échelle de la France, les cumuls annuels de précipitations évoluent peu d’ici 2050, mais une légère baisse en été et une légère hausse en hiver sont cependant probables sur la majorité du pays.",https://public.flourish.studio/uploads/168913/a6e4bd92-0990-4254-9b61-593e6f6e44d6.png,"<a href=""https://www.flaticon.com/fr/icones-gratuites/pluie"" title=""pluie icônes"">Pluie icônes créées par tulpahn - Flaticon</a>"
2B,Haute-Corse,2B - Bastia,Jours avec risque significatif de feu de végétation,R4,Risques naturels,,risques,,"3,8","8,9","16,2","5,8",j,"Un jour est considéré à risque significatif de feu de végétation lorsque l'Indice Forêt Météo (IFM) est supérieur à 40. Cet indice permet d'évaluer dans quelle mesure les conditions météorologiques sont favorables au déclenchement et à la propagation des feux. À l'horizon du milieu du XXIe siècle, les conditions climatiques plus sèches conduiront à une augmentation du nombre de jours avec un risque significatif de feu de végétation : ce risque se renforcera là où il était déjà présent et apparaîtra dans de nouvelles régions.",https://public.flourish.studio/uploads/168913/896fc10b-b9d6-4246-8757-bb8f6208e87a.png,"<a href=""https://www.flaticon.com/fr/icones-gratuites/incendies"" title=""incendies icônes"">Incendies icônes créées par Freepik - Flaticon</a>"
2B,Haute-Corse,2B - Bastia,Jours avec sol sec,R5,Risques naturels,hiver,risques,,1,4,12,2,j,"Un jour est considéré avec sol sec lorsque l'indice d'humidité des sol superficiels (SWI) est inférieur à 0,4. L'élévation de la température sur l'ensemble du territoire entraînera l'augmentation du nombre de jours avec sol sec. Une conséquence sera l'aggravation des risques de dommages sur les bâtiments, liés au retrait/gonflement des argiles.",https://public.flourish.studio/uploads/168913/53ed1fa6-f8f4-4a98-933e-f25aac7fd866.png,"<a href=""https://www.flaticon.com/fr/icones-gratuites/secheresse"" title=""sécheresse icônes"">Sécheresse icônes créées par Good Ware - Flaticon</a>"
2B,Haute-Corse,2B - Bastia,Jours avec sol sec,R5,Risques naturels,printemps,risques,,1,6,13,3,j,"Un jour est considéré avec sol sec lorsque l'indice d'humidité des sol superficiels (SWI) est inférieur à 0,4. L'élévation de la température sur l'ensemble du territoire entraînera l'augmentation du nombre de jours avec sol sec. Une conséquence sera l'aggravation des risques de dommages sur les bâtiments, liés au retrait/gonflement des argiles.",https://public.flourish.studio/uploads/168913/53ed1fa6-f8f4-4a98-933e-f25aac7fd866.png,"<a href=""https://www.flaticon.com/fr/icones-gratuites/secheresse"" title=""sécheresse icônes"">Sécheresse icônes créées par Good Ware - Flaticon</a>"
2B,Haute-Corse,2B - Bastia,Jours avec sol sec,R5,Risques naturels,été,risques,,72,77,82,71,j,"Un jour est considéré avec sol sec lorsque l'indice d'humidité des sol superficiels (SWI) est inférieur à 0,4. L'élévation de la température sur l'ensemble du territoire entraînera l'augmentation du nombre de jours avec sol sec. Une conséquence sera l'aggravation des risques de dommages sur les bâtiments, liés au retrait/gonflement des argiles.",https://public.flourish.studio/uploads/168913/53ed1fa6-f8f4-4a98-933e-f25aac7fd866.png,"<a href=""https://www.flaticon.com/fr/icones-gratuites/secheresse"" title=""sécheresse icônes"">Sécheresse icônes créées par Good Ware - Flaticon</a>"
2B,Haute-Corse,2B - Bastia,Jours avec sol sec,R5,Risques naturels,automne,risques,,38,51,61,44,j,"Un jour est considéré avec sol sec lorsque l'indice d'humidité des sol superficiels (SWI) est inférieur à 0,4. L'élévation de la température sur l'ensemble du territoire entraînera l'augmentation du nombre de jours avec sol sec. Une conséquence sera l'aggravation des risques de dommages sur les bâtiments, liés au retrait/gonflement des argiles.",https://public.flourish.studio/uploads/168913/53ed1fa6-f8f4-4a98-933e-f25aac7fd866.png,"<a href=""https://www.flaticon.com/fr/icones-gratuites/secheresse"" title=""sécheresse icônes"">Sécheresse icônes créées par Good Ware - Flaticon</a>"
2B,Haute-Corse,2B - Bastia,Jours très chauds (>35°C),S1,Santé,,sante,,"1,6","3,1","7,2","0,4",j,"Un jour est considéré comme très chaud si la température dépasse 35 °C au cours de la journée. Dans beaucoup de régions, les jours très chauds étaient relativement rares dans le climat récent. À l'horizon 2050, ils seront rencontrés plusieurs fois par an avec à la clé une augmentation des risques sanitaires.",https://public.flourish.studio/uploads/168913/a099c37e-f128-49d8-a739-4720c53ee1a2.png,"<a href=""https://www.flaticon.com/fr/icones-gratuites/ete"" title=""été icônes"">Été icônes créées par Tru3 Art - Flaticon</a>"
2B,Haute-Corse,2B - Bastia,Nuits chaudes (>20°C),S2,Santé,,sante,,56,62,79,31,j,"Une nuit est considérée comme chaude si la température durant cette nuit ne descend pas en dessous de 20 °C. Hors zone méditerranéenne, les nuits chaudes étaient relativement rares dans le climat récent. Au milieu du XXIe siècle, ces nuits deviendront beaucoup plus fréquentes dans de nombreuses régions. Dans les villes, souvent sujettes au phénomène d'îlot de chaleur urbain, l'accroissement du nombre de nuits chaudes exacerbera les problèmes sanitaires.",https://public.flourish.studio/uploads/168913/93419d60-116f-4543-8642-a08ed6dbe91f.png,"<a href=""https://www.flaticon.com/fr/icones-gratuites/astronomie"" title=""astronomie icônes"">Astronomie icônes créées par Tru3 Art - Flaticon</a>"
2B,Haute-Corse,2B - Bastia,Jours en vague de chaleur,S3,Santé,,sante,,2,7,15,1,j,"Un jour est considéré en vague de chaleur s'il s'inscrit dans un épisode, se produisant l'été, d'au moins cinq jours consécutifs pour lesquels la température maximale quotidienne excède la normale de plus de cinq degrés. L'augmentation du nombre de journées en vagues de chaleur est déjà perceptible. Cette tendance se poursuivra d'ici le milieu du XXIe siècle sur l'ensemble du pays.",https://public.flourish.studio/uploads/168913/beef26db-22fd-44a9-8b03-206645cf71eb.png,"<a href=""https://www.flaticon.com/fr/icones-gratuites/temperature"" title=""température icônes"">Température icônes créées par Tru3 Art - Flaticon</a>"
2B,Haute-Corse,2B - Bastia,Jours en vague de froid,S4,Santé,,sante,,0,0,0,0,j,"Un jour est considéré en vague de froid s'il s'inscrit dans un épisode, se produisant l'hiver, d'au moins cinq jours consécutifs pour lesquels la température minimale quotidienne est inférieure de plus de cinq degrés à la normale.",https://public.flourish.studio/uploads/168913/f4bc32e9-0cb4-4c94-8bf8-43f31162b2a8.png,"<a href=""https://www.flaticon.com/fr/icones-gratuites/du-froid"" title=""du froid icônes"">Du froid icônes créées par Tru3 Art - Flaticon</a>"
2B,Haute-Corse,2B - Bastia,Jours consécutifs sans précipitations,AG1,Agriculture,hiver,agriculture,,15,17,20,17,j,"Un jour est considéré sans pluie si les précipitations quotidiennes correspondantes sont inférieures à 1 mm, c'est-à-dire inférieures à 1 litre d'eau par mètre-carré. L'augmentation du nombre de jours consécutifs sans pluie contribue, avec le renforcement de l'évaporation associée aux températures élevées à l'aggravation du risque de sécheresse.",https://public.flourish.studio/uploads/168913/0b50539c-99be-48b0-9869-418ee1073b93.png,"<a href=""https://www.flaticon.com/fr/icones-gratuites/temps-nuageux"" title=""temps nuageux icônes"">Temps nuageux icônes créées par Tru3 Art - Flaticon</a>"
2B,Haute-Corse,2B - Bastia,Jours consécutifs sans précipitations,AG1,Agriculture,printemps,agriculture,,17,20,23,19,j,"Un jour est considéré sans pluie si les précipitations quotidiennes correspondantes sont inférieures à 1 mm, c'est-à-dire inférieures à 1 litre d'eau par mètre-carré. L'augmentation du nombre de jours consécutifs sans pluie contribue, avec le renforcement de l'évaporation associée aux températures élevées à l'aggravation du risque de sécheresse.",https://public.flourish.studio/uploads/168913/0b50539c-99be-48b0-9869-418ee1073b93.png,"<a href=""https://www.flaticon.com/fr/icones-gratuites/temps-nuageux"" title=""temps nuageux icônes"">Temps nuageux icônes créées par Tru3 Art - Flaticon</a>"
2B,Haute-Corse,2B - Bastia,Jours consécutifs sans précipitations,AG1,Agriculture,été,agriculture,,31,41,51,37,j,"Un jour est considéré sans pluie si les précipitations quotidiennes correspondantes sont inférieures à 1 mm, c'est-à-dire inférieures à 1 litre d'eau par mètre-carré. L'augmentation du nombre de jours consécutifs sans pluie contribue, avec le renforcement de l'évaporation associée aux températures élevées à l'aggravation du risque de sécheresse.",https://public.flourish.studio/uploads/168913/0b50539c-99be-48b0-9869-418ee1073b93.png,"<a href=""https://www.flaticon.com/fr/icones-gratuites/temps-nuageux"" title=""temps nuageux icônes"">Temps nuageux icônes créées par Tru3 Art - Flaticon</a>"
2B,Haute-Corse,2B - Bastia,Jours consécutifs sans précipitations,AG1,Agriculture,automne,agriculture,,15,17,21,16,j,"Un jour est considéré sans pluie si les précipitations quotidiennes correspondantes sont inférieures à 1 mm, c'est-à-dire inférieures à 1 litre d'eau par mètre-carré. L'augmentation du nombre de jours consécutifs sans pluie contribue, avec le renforcement de l'évaporation associée aux températures élevées à l'aggravation du risque de sécheresse.",https://public.flourish.studio/uploads/168913/0b50539c-99be-48b0-9869-418ee1073b93.png,"<a href=""https://www.flaticon.com/fr/icones-gratuites/temps-nuageux"" title=""temps nuageux icônes"">Temps nuageux icônes créées par Tru3 Art - Flaticon</a>"
2B,Haute-Corse,2B - Calvi,Température moyenne,G1,Climat,hiver,climat,,"9,9","10,1","10,6","9,0",°C,"À l'échelle de la France, la température moyenne annuelle pourra augmenter de plus de 2 °C d'ici le milieu du XXIe siècle par rapport au climat récent, ce réchauffement étant plus marqué l'été que l'hiver.",https://public.flourish.studio/uploads/168913/1d155271-afd4-4763-98a8-67caf3c31195.png,"<a href=""https://www.flaticon.com/fr/icones-gratuites/chaleur"" title=""chaleur icônes"">Chaleur icônes créées par Tru3 Art - Flaticon</a>"
2B,Haute-Corse,2B - Calvi,Température moyenne,G1,Climat,printemps,climat,,"14,2","14,6","15,0","13,4",°C,"À l'échelle de la France, la température moyenne annuelle pourra augmenter de plus de 2 °C d'ici le milieu du XXIe siècle par rapport au climat récent, ce réchauffement étant plus marqué l'été que l'hiver.",https://public.flourish.studio/uploads/168913/1d155271-afd4-4763-98a8-67caf3c31195.png,"<a href=""https://www.flaticon.com/fr/icones-gratuites/chaleur"" title=""chaleur icônes"">Chaleur icônes créées par Tru3 Art - Flaticon</a>"
2B,Haute-Corse,2B - Calvi,Température moyenne,G1,Climat,été,climat,,"23,8","24,1","25,1","22,4",°C,"À l'échelle de la France, la température moyenne annuelle pourra augmenter de plus de 2 °C d'ici le milieu du XXIe siècle par rapport au climat récent, ce réchauffement étant plus marqué l'été que l'hiver.",https://public.flourish.studio/uploads/168913/1d155271-afd4-4763-98a8-67caf3c31195.png,"<a href=""https://www.flaticon.com/fr/icones-gratuites/chaleur"" title=""chaleur icônes"">Chaleur icônes créées par Tru3 Art - Flaticon</a>"
2B,Haute-Corse,2B - Calvi,Température moyenne,G1,Climat,automne,climat,,"17,5","18,2","18,7","16,7",°C,"À l'échelle de la France, la température moyenne annuelle pourra augmenter de plus de 2 °C d'ici le milieu du XXIe siècle par rapport au climat récent, ce réchauffement étant plus marqué l'été que l'hiver.",https://public.flourish.studio/uploads/168913/1d155271-afd4-4763-98a8-67caf3c31195.png,"<a href=""https://www.flaticon.com/fr/icones-gratuites/chaleur"" title=""chaleur icônes"">Chaleur icônes créées par Tru3 Art - Flaticon</a>"
2B,Haute-Corse,2B - Calvi,Jours de gel,G2,Climat,,climat,,0,0,1,2,j,"Est considéré comme jour de gel un jour où la température descend en dessous de 0 °C. À l'échelle de la France, le nombre annuel de jours de gel est prévu en forte baisse d'ici le milieu du XXIe siècle.",https://public.flourish.studio/uploads/168913/f4bc32e9-0cb4-4c94-8bf8-43f31162b2a8.png,"<a href=""https://www.flaticon.com/fr/icones-gratuites/du-froid"" title=""du froid icônes"">Du froid icônes créées par Tru3 Art - Flaticon</a>"
2B,Haute-Corse,2B - Calvi,Cumul de précipitations,G3,Climat,hiver,climat,,"164,2","187,3","202,1","170,5",mm,"Les cumuls de précipitations sont calculés en mm : 1 mm de précipitations correspond au recueil d'un litre d’eau par mètre-carré de surface au sol. À l'échelle de la France, les cumuls annuels de précipitations évoluent peu d’ici 2050, mais une légère baisse en été et une légère hausse en hiver sont cependant probables sur la majorité du pays.",https://public.flourish.studio/uploads/168913/a6e4bd92-0990-4254-9b61-593e6f6e44d6.png,"<a href=""https://www.flaticon.com/fr/icones-gratuites/pluie"" title=""pluie icônes"">Pluie icônes créées par tulpahn - Flaticon</a>"
2B,Haute-Corse,2B - Calvi,Cumul de précipitations,G3,Climat,printemps,climat,,"137,2","163,0","185,1","165,0",mm,"Les cumuls de précipitations sont calculés en mm : 1 mm de précipitations correspond au recueil d'un litre d’eau par mètre-carré de surface au sol. À l'échelle de la France, les cumuls annuels de précipitations évoluent peu d’ici 2050, mais une légère baisse en été et une légère hausse en hiver sont cependant probables sur la majorité du pays.",https://public.flourish.studio/uploads/168913/a6e4bd92-0990-4254-9b61-593e6f6e44d6.png,"<a href=""https://www.flaticon.com/fr/icones-gratuites/pluie"" title=""pluie icônes"">Pluie icônes créées par tulpahn - Flaticon</a>"
2B,Haute-Corse,2B - Calvi,Cumul de précipitations,G3,Climat,été,climat,,"54,2","73,7","93,0","76,0",mm,"Les cumuls de précipitations sont calculés en mm : 1 mm de précipitations correspond au recueil d'un litre d’eau par mètre-carré de surface au sol. À l'échelle de la France, les cumuls annuels de précipitations évoluent peu d’ici 2050, mais une légère baisse en été et une légère hausse en hiver sont cependant probables sur la majorité du pays.",https://public.flourish.studio/uploads/168913/a6e4bd92-0990-4254-9b61-593e6f6e44d6.png,"<a href=""https://www.flaticon.com/fr/icones-gratuites/pluie"" title=""pluie icônes"">Pluie icônes créées par tulpahn - Flaticon</a>"
2B,Haute-Corse,2B - Calvi,Cumul de précipitations,G3,Climat,automne,climat,,"210,6","265,5","284,6","251,8",mm,"Les cumuls de précipitations sont calculés en mm : 1 mm de précipitations correspond au recueil d'un litre d’eau par mètre-carré de surface au sol. À l'échelle de la France, les cumuls annuels de précipitations évoluent peu d’ici 2050, mais une légère baisse en été et une légère hausse en hiver sont cependant probables sur la majorité du pays.",https://public.flourish.studio/uploads/168913/a6e4bd92-0990-4254-9b61-593e6f6e44d6.png,"<a href=""https://www.flaticon.com/fr/icones-gratuites/pluie"" title=""pluie icônes"">Pluie icônes créées par tulpahn - Flaticon</a>"
2B,Haute-Corse,2B - Calvi,Jours avec risque significatif de feu de végétation,R4,Risques naturels,,risques,,"6,0","9,6","21,1","8,1",j,"Un jour est considéré à risque significatif de feu de végétation lorsque l'Indice Forêt Météo (IFM) est supérieur à 40. Cet indice permet d'évaluer dans quelle mesure les conditions météorologiques sont favorables au déclenchement et à la propagation des feux. À l'horizon du milieu du XXIe siècle, les conditions climatiques plus sèches conduiront à une augmentation du nombre de jours avec un risque significatif de feu de végétation : ce risque se renforcera là où il était déjà présent et apparaîtra dans de nouvelles régions.",https://public.flourish.studio/uploads/168913/896fc10b-b9d6-4246-8757-bb8f6208e87a.png,"<a href=""https://www.flaticon.com/fr/icones-gratuites/incendies"" title=""incendies icônes"">Incendies icônes créées par Freepik - Flaticon</a>"
2B,Haute-Corse,2B - Calvi,Jours avec sol sec,R5,Risques naturels,hiver,risques,,3,6,14,5,j,"Un jour est considéré avec sol sec lorsque l'indice d'humidité des sol superficiels (SWI) est inférieur à 0,4. L'élévation de la température sur l'ensemble du territoire entraînera l'augmentation du nombre de jours avec sol sec. Une conséquence sera l'aggravation des risques de dommages sur les bâtiments, liés au retrait/gonflement des argiles.",https://public.flourish.studio/uploads/168913/53ed1fa6-f8f4-4a98-933e-f25aac7fd866.png,"<a href=""https://www.flaticon.com/fr/icones-gratuites/secheresse"" title=""sécheresse icônes"">Sécheresse icônes créées par Good Ware - Flaticon</a>"
2B,Haute-Corse,2B - Calvi,Jours avec sol sec,R5,Risques naturels,printemps,risques,,13,25,31,19,j,"Un jour est considéré avec sol sec lorsque l'indice d'humidité des sol superficiels (SWI) est inférieur à 0,4. L'élévation de la température sur l'ensemble du territoire entraînera l'augmentation du nombre de jours avec sol sec. Une conséquence sera l'aggravation des risques de dommages sur les bâtiments, liés au retrait/gonflement des argiles.",https://public.flourish.studio/uploads/168913/53ed1fa6-f8f4-4a98-933e-f25aac7fd866.png,"<a href=""https://www.flaticon.com/fr/icones-gratuites/secheresse"" title=""sécheresse icônes"">Sécheresse icônes créées par Good Ware - Flaticon</a>"
2B,Haute-Corse,2B - Calvi,Jours avec sol sec,R5,Risques naturels,été,risques,,83,85,88,84,j,"Un jour est considéré avec sol sec lorsque l'indice d'humidité des sol superficiels (SWI) est inférieur à 0,4. L'élévation de la température sur l'ensemble du territoire entraînera l'augmentation du nombre de jours avec sol sec. Une conséquence sera l'aggravation des risques de dommages sur les bâtiments, liés au retrait/gonflement des argiles.",https://public.flourish.studio/uploads/168913/53ed1fa6-f8f4-4a98-933e-f25aac7fd866.png,"<a href=""https://www.flaticon.com/fr/icones-gratuites/secheresse"" title=""sécheresse icônes"">Sécheresse icônes créées par Good Ware - Flaticon</a>"
2B,Haute-Corse,2B - Calvi,Jours avec sol sec,R5,Risques naturels,automne,risques,,52,63,74,59,j,"Un jour est considéré avec sol sec lorsque l'indice d'humidité des sol superficiels (SWI) est inférieur à 0,4. L'élévation de la température sur l'ensemble du territoire entraînera l'augmentation du nombre de jours avec sol sec. Une conséquence sera l'aggravation des risques de dommages sur les bâtiments, liés au retrait/gonflement des argiles.",https://public.flourish.studio/uploads/168913/53ed1fa6-f8f4-4a98-933e-f25aac7fd866.png,"<a href=""https://www.flaticon.com/fr/icones-gratuites/secheresse"" title=""sécheresse icônes"">Sécheresse icônes créées par Good Ware - Flaticon</a>"
2B,Haute-Corse,2B - Calvi,Jours très chauds (>35°C),S1,Santé,,sante,,"0,8","1,5","3,7","0,3",j,"Un jour est considéré comme très chaud si la température dépasse 35 °C au cours de la journée. Dans beaucoup de régions, les jours très chauds étaient relativement rares dans le climat récent. À l'horizon 2050, ils seront rencontrés plusieurs fois par an avec à la clé une augmentation des risques sanitaires.",https://public.flourish.studio/uploads/168913/a099c37e-f128-49d8-a739-4720c53ee1a2.png,"<a href=""https://www.flaticon.com/fr/icones-gratuites/ete"" title=""été icônes"">Été icônes créées par Tru3 Art - Flaticon</a>"
2B,Haute-Corse,2B - Calvi,Nuits chaudes (>20°C),S2,Santé,,sante,,59,66,79,37,j,"Une nuit est considérée comme chaude si la température durant cette nuit ne descend pas en dessous de 20 °C. Hors zone méditerranéenne, les nuits chaudes étaient relativement rares dans le climat récent. Au milieu du XXIe siècle, ces nuits deviendront beaucoup plus fréquentes dans de nombreuses régions. Dans les villes, souvent sujettes au phénomène d'îlot de chaleur urbain, l'accroissement du nombre de nuits chaudes exacerbera les problèmes sanitaires.",https://public.flourish.studio/uploads/168913/93419d60-116f-4543-8642-a08ed6dbe91f.png,"<a href=""https://www.flaticon.com/fr/icones-gratuites/astronomie"" title=""astronomie icônes"">Astronomie icônes créées par Tru3 Art - Flaticon</a>"
2B,Haute-Corse,2B - Calvi,Jours en vague de chaleur,S3,Santé,,sante,,1,2,7,0,j,"Un jour est considéré en vague de chaleur s'il s'inscrit dans un épisode, se produisant l'été, d'au moins cinq jours consécutifs pour lesquels la température maximale quotidienne excède la normale de plus de cinq degrés. L'augmentation du nombre de journées en vagues de chaleur est déjà perceptible. Cette tendance se poursuivra d'ici le milieu du XXIe siècle sur l'ensemble du pays.",https://public.flourish.studio/uploads/168913/beef26db-22fd-44a9-8b03-206645cf71eb.png,"<a href=""https://www.flaticon.com/fr/icones-gratuites/temperature"" title=""température icônes"">Température icônes créées par Tru3 Art - Flaticon</a>"
2B,Haute-Corse,2B - Calvi,Jours en vague de froid,S4,Santé,,sante,,0,0,0,0,j,"Un jour est considéré en vague de froid s'il s'inscrit dans un épisode, se produisant l'hiver, d'au moins cinq jours consécutifs pour lesquels la température minimale quotidienne est inférieure de plus de cinq degrés à la normale.",https://public.flourish.studio/uploads/168913/f4bc32e9-0cb4-4c94-8bf8-43f31162b2a8.png,"<a href=""https://www.flaticon.com/fr/icones-gratuites/du-froid"" title=""du froid icônes"">Du froid icônes créées par Tru3 Art - Flaticon</a>"
2B,Haute-Corse,2B - Calvi,Jours consécutifs sans précipitations,AG1,Agriculture,hiver,agriculture,,18,19,22,19,j,"Un jour est considéré sans pluie si les précipitations quotidiennes correspondantes sont inférieures à 1 mm, c'est-à-dire inférieures à 1 litre d'eau par mètre-carré. L'augmentation du nombre de jours consécutifs sans pluie contribue, avec le renforcement de l'évaporation associée aux températures élevées à l'aggravation du risque de sécheresse.",https://public.flourish.studio/uploads/168913/0b50539c-99be-48b0-9869-418ee1073b93.png,"<a href=""https://www.flaticon.com/fr/icones-gratuites/temps-nuageux"" title=""temps nuageux icônes"">Temps nuageux icônes créées par Tru3 Art - Flaticon</a>"
2B,Haute-Corse,2B - Calvi,Jours consécutifs sans précipitations,AG1,Agriculture,printemps,agriculture,,18,21,24,19,j,"Un jour est considéré sans pluie si les précipitations quotidiennes correspondantes sont inférieures à 1 mm, c'est-à-dire inférieures à 1 litre d'eau par mètre-carré. L'augmentation du nombre de jours consécutifs sans pluie contribue, avec le renforcement de l'évaporation associée aux températures élevées à l'aggravation du risque de sécheresse.",https://public.flourish.studio/uploads/168913/0b50539c-99be-48b0-9869-418ee1073b93.png,"<a href=""https://www.flaticon.com/fr/icones-gratuites/temps-nuageux"" title=""temps nuageux icônes"">Temps nuageux icônes créées par Tru3 Art - Flaticon</a>"
2B,Haute-Corse,2B - Calvi,Jours consécutifs sans précipitations,AG1,Agriculture,été,agriculture,,31,45,53,39,j,"Un jour est considéré sans pluie si les précipitations quotidiennes correspondantes sont inférieures à 1 mm, c'est-à-dire inférieures à 1 litre d'eau par mètre-carré. L'augmentation du nombre de jours consécutifs sans pluie contribue, avec le renforcement de l'évaporation associée aux températures élevées à l'aggravation du risque de sécheresse.",https://public.flourish.studio/uploads/168913/0b50539c-99be-48b0-9869-418ee1073b93.png,"<a href=""https://www.flaticon.com/fr/icones-gratuites/temps-nuageux"" title=""temps nuageux icônes"">Temps nuageux icônes créées par Tru3 Art - Flaticon</a>"
2B,Haute-Corse,2B - Calvi,Jours consécutifs sans précipitations,AG1,Agriculture,automne,agriculture,,16,19,22,17,j,"Un jour est considéré sans pluie si les précipitations quotidiennes correspondantes sont inférieures à 1 mm, c'est-à-dire inférieures à 1 litre d'eau par mètre-carré. L'augmentation du nombre de jours consécutifs sans pluie contribue, avec le renforcement de l'évaporation associée aux températures élevées à l'aggravation du risque de sécheresse.",https://public.flourish.studio/uploads/168913/0b50539c-99be-48b0-9869-418ee1073b93.png,"<a href=""https://www.flaticon.com/fr/icones-gratuites/temps-nuageux"" title=""temps nuageux icônes"">Temps nuageux icônes créées par Tru3 Art - Flaticon</a>"
2B,Haute-Corse,2B - Corte,Température moyenne,G1,Climat,hiver,climat,,"3,2","3,6","4,1","2,1",°C,"À l'échelle de la France, la température moyenne annuelle pourra augmenter de plus de 2 °C d'ici le milieu du XXIe siècle par rapport au climat récent, ce réchauffement étant plus marqué l'été que l'hiver.",https://public.flourish.studio/uploads/168913/1d155271-afd4-4763-98a8-67caf3c31195.png,"<a href=""https://www.flaticon.com/fr/icones-gratuites/chaleur"" title=""chaleur icônes"">Chaleur icônes créées par Tru3 Art - Flaticon</a>"
2B,Haute-Corse,2B - Corte,Température moyenne,G1,Climat,printemps,climat,,"7,5","8,1","8,6","6,5",°C,"À l'échelle de la France, la température moyenne annuelle pourra augmenter de plus de 2 °C d'ici le milieu du XXIe siècle par rapport au climat récent, ce réchauffement étant plus marqué l'été que l'hiver.",https://public.flourish.studio/uploads/168913/1d155271-afd4-4763-98a8-67caf3c31195.png,"<a href=""https://www.flaticon.com/fr/icones-gratuites/chaleur"" title=""chaleur icônes"">Chaleur icônes créées par Tru3 Art - Flaticon</a>"
2B,Haute-Corse,2B - Corte,Température moyenne,G1,Climat,été,climat,,"17,8","18,2","19,2","16,2",°C,"À l'échelle de la France, la température moyenne annuelle pourra augmenter de plus de 2 °C d'ici le milieu du XXIe siècle par rapport au climat récent, ce réchauffement étant plus marqué l'été que l'hiver.",https://public.flourish.studio/uploads/168913/1d155271-afd4-4763-98a8-67caf3c31195.png,"<a href=""https://www.flaticon.com/fr/icones-gratuites/chaleur"" title=""chaleur icônes"">Chaleur icônes créées par Tru3 Art - Flaticon</a>"
2B,Haute-Corse,2B - Corte,Température moyenne,G1,Climat,automne,climat,,"10,8","11,5","12,0","9,8",°C,"À l'échelle de la France, la température moyenne annuelle pourra augmenter de plus de 2 °C d'ici le milieu du XXIe siècle par rapport au climat récent, ce réchauffement étant plus marqué l'été que l'hiver.",https://public.flourish.studio/uploads/168913/1d155271-afd4-4763-98a8-67caf3c31195.png,"<a href=""https://www.flaticon.com/fr/icones-gratuites/chaleur"" title=""chaleur icônes"">Chaleur icônes créées par Tru3 Art - Flaticon</a>"
2B,Haute-Corse,2B - Corte,Jours de gel,G2,Climat,,climat,,33,37,41,58,j,"Est considéré comme jour de gel un jour où la température descend en dessous de 0 °C. À l'échelle de la France, le nombre annuel de jours de gel est prévu en forte baisse d'ici le milieu du XXIe siècle.",https://public.flourish.studio/uploads/168913/f4bc32e9-0cb4-4c94-8bf8-43f31162b2a8.png,"<a href=""https://www.flaticon.com/fr/icones-gratuites/du-froid"" title=""du froid icônes"">Du froid icônes créées par Tru3 Art - Flaticon</a>"
2B,Haute-Corse,2B - Corte,Cumul de précipitations,G3,Climat,hiver,climat,,"368,5","403,7","448,4","376,8",mm,"Les cumuls de précipitations sont calculés en mm : 1 mm de précipitations correspond au recueil d'un litre d’eau par mètre-carré de surface au sol. À l'échelle de la France, les cumuls annuels de précipitations évoluent peu d’ici 2050, mais une légère baisse en été et une légère hausse en hiver sont cependant probables sur la majorité du pays.",https://public.flourish.studio/uploads/168913/a6e4bd92-0990-4254-9b61-593e6f6e44d6.png,"<a href=""https://www.flaticon.com/fr/icones-gratuites/pluie"" title=""pluie icônes"">Pluie icônes créées par tulpahn - Flaticon</a>"
2B,Haute-Corse,2B - Corte,Cumul de précipitations,G3,Climat,printemps,climat,,"247,7","297,4","333,4","308,2",mm,"Les cumuls de précipitations sont calculés en mm : 1 mm de précipitations correspond au recueil d'un litre d’eau par mètre-carré de surface au sol. À l'échelle de la France, les cumuls annuels de précipitations évoluent peu d’ici 2050, mais une légère baisse en été et une légère hausse en hiver sont cependant probables sur la majorité du pays.",https://public.flourish.studio/uploads/168913/a6e4bd92-0990-4254-9b61-593e6f6e44d6.png,"<a href=""https://www.flaticon.com/fr/icones-gratuites/pluie"" title=""pluie icônes"">Pluie icônes créées par tulpahn - Flaticon</a>"
2B,Haute-Corse,2B - Corte,Cumul de précipitations,G3,Climat,été,climat,,"93,7","109,0","130,4",120,mm,"Les cumuls de précipitations sont calculés en mm : 1 mm de précipitations correspond au recueil d'un litre d’eau par mètre-carré de surface au sol. À l'échelle de la France, les cumuls annuels de précipitations évoluent peu d’ici 2050, mais une légère baisse en été et une légère hausse en hiver sont cependant probables sur la majorité du pays.",https://public.flourish.studio/uploads/168913/a6e4bd92-0990-4254-9b61-593e6f6e44d6.png,"<a href=""https://www.flaticon.com/fr/icones-gratuites/pluie"" title=""pluie icônes"">Pluie icônes créées par tulpahn - Flaticon</a>"
2B,Haute-Corse,2B - Corte,Cumul de précipitations,G3,Climat,automne,climat,,"334,2","391,3","448,4","409,5",mm,"Les cumuls de précipitations sont calculés en mm : 1 mm de précipitations correspond au recueil d'un litre d’eau par mètre-carré de surface au sol. À l'échelle de la France, les cumuls annuels de précipitations évoluent peu d’ici 2050, mais une légère baisse en été et une légère hausse en hiver sont cependant probables sur la majorité du pays.",https://public.flourish.studio/uploads/168913/a6e4bd92-0990-4254-9b61-593e6f6e44d6.png,"<a href=""https://www.flaticon.com/fr/icones-gratuites/pluie"" title=""pluie icônes"">Pluie icônes créées par tulpahn - Flaticon</a>"
2B,Haute-Corse,2B - Corte,Jours avec risque significatif de feu de végétation,R4,Risques naturels,,risques,,"0,2","1,0","4,0","0,7",j,"Un jour est considéré à risque significatif de feu de végétation lorsque l'Indice Forêt Météo (IFM) est supérieur à 40. Cet indice permet d'évaluer dans quelle mesure les conditions météorologiques sont favorables au déclenchement et à la propagation des feux. À l'horizon du milieu du XXIe siècle, les conditions climatiques plus sèches conduiront à une augmentation du nombre de jours avec un risque significatif de feu de végétation : ce risque se renforcera là où il était déjà présent et apparaîtra dans de nouvelles régions.",https://public.flourish.studio/uploads/168913/896fc10b-b9d6-4246-8757-bb8f6208e87a.png,"<a href=""https://www.flaticon.com/fr/icones-gratuites/incendies"" title=""incendies icônes"">Incendies icônes créées par Freepik - Flaticon</a>"
2B,Haute-Corse,2B - Corte,Jours avec sol sec,R5,Risques naturels,hiver,risques,,0,0,0,0,j,"Un jour est considéré avec sol sec lorsque l'indice d'humidité des sol superficiels (SWI) est inférieur à 0,4. L'élévation de la température sur l'ensemble du territoire entraînera l'augmentation du nombre de jours avec sol sec. Une conséquence sera l'aggravation des risques de dommages sur les bâtiments, liés au retrait/gonflement des argiles.",https://public.flourish.studio/uploads/168913/53ed1fa6-f8f4-4a98-933e-f25aac7fd866.png,"<a href=""https://www.flaticon.com/fr/icones-gratuites/secheresse"" title=""sécheresse icônes"">Sécheresse icônes créées par Good Ware - Flaticon</a>"
2B,Haute-Corse,2B - Corte,Jours avec sol sec,R5,Risques naturels,printemps,risques,,0,0,2,0,j,"Un jour est considéré avec sol sec lorsque l'indice d'humidité des sol superficiels (SWI) est inférieur à 0,4. L'élévation de la température sur l'ensemble du territoire entraînera l'augmentation du nombre de jours avec sol sec. Une conséquence sera l'aggravation des risques de dommages sur les bâtiments, liés au retrait/gonflement des argiles.",https://public.flourish.studio/uploads/168913/53ed1fa6-f8f4-4a98-933e-f25aac7fd866.png,"<a href=""https://www.flaticon.com/fr/icones-gratuites/secheresse"" title=""sécheresse icônes"">Sécheresse icônes créées par Good Ware - Flaticon</a>"
2B,Haute-Corse,2B - Corte,Jours avec sol sec,R5,Risques naturels,été,risques,,57,63,68,53,j,"Un jour est considéré avec sol sec lorsque l'indice d'humidité des sol superficiels (SWI) est inférieur à 0,4. L'élévation de la température sur l'ensemble du territoire entraînera l'augmentation du nombre de jours avec sol sec. Une conséquence sera l'aggravation des risques de dommages sur les bâtiments, liés au retrait/gonflement des argiles.",https://public.flourish.studio/uploads/168913/53ed1fa6-f8f4-4a98-933e-f25aac7fd866.png,"<a href=""https://www.flaticon.com/fr/icones-gratuites/secheresse"" title=""sécheresse icônes"">Sécheresse icônes créées par Good Ware - Flaticon</a>"
2B,Haute-Corse,2B - Corte,Jours avec sol sec,R5,Risques naturels,automne,risques,,30,34,53,29,j,"Un jour est considéré avec sol sec lorsque l'indice d'humidité des sol superficiels (SWI) est inférieur à 0,4. L'élévation de la température sur l'ensemble du territoire entraînera l'augmentation du nombre de jours avec sol sec. Une conséquence sera l'aggravation des risques de dommages sur les bâtiments, liés au retrait/gonflement des argiles.",https://public.flourish.studio/uploads/168913/53ed1fa6-f8f4-4a98-933e-f25aac7fd866.png,"<a href=""https://www.flaticon.com/fr/icones-gratuites/secheresse"" title=""sécheresse icônes"">Sécheresse icônes créées par Good Ware - Flaticon</a>"
2B,Haute-Corse,2B - Corte,Jours très chauds (>35°C),S1,Santé,,sante,,0,0,"0,1",0,j,"Un jour est considéré comme très chaud si la température dépasse 35 °C au cours de la journée. Dans beaucoup de régions, les jours très chauds étaient relativement rares dans le climat récent. À l'horizon 2050, ils seront rencontrés plusieurs fois par an avec à la clé une augmentation des risques sanitaires.",https://public.flourish.studio/uploads/168913/a099c37e-f128-49d8-a739-4720c53ee1a2.png,"<a href=""https://www.flaticon.com/fr/icones-gratuites/ete"" title=""été icônes"">Été icônes créées par Tru3 Art - Flaticon</a>"
2B,Haute-Corse,2B - Corte,Nuits chaudes (>20°C),S2,Santé,,sante,,3,6,14,1,j,"Une nuit est considérée comme chaude si la température durant cette nuit ne descend pas en dessous de 20 °C. Hors zone méditerranéenne, les nuits chaudes étaient relativement rares dans le climat récent. Au milieu du XXIe siècle, ces nuits deviendront beaucoup plus fréquentes dans de nombreuses régions. Dans les villes, souvent sujettes au phénomène d'îlot de chaleur urbain, l'accroissement du nombre de nuits chaudes exacerbera les problèmes sanitaires.",https://public.flourish.studio/uploads/168913/93419d60-116f-4543-8642-a08ed6dbe91f.png,"<a href=""https://www.flaticon.com/fr/icones-gratuites/astronomie"" title=""astronomie icônes"">Astronomie icônes créées par Tru3 Art - Flaticon</a>"
2B,Haute-Corse,2B - Corte,Jours en vague de chaleur,S3,Santé,,sante,,4,10,12,1,j,"Un jour est considéré en vague de chaleur s'il s'inscrit dans un épisode, se produisant l'été, d'au moins cinq jours consécutifs pour lesquels la température maximale quotidienne excède la normale de plus de cinq degrés. L'augmentation du nombre de journées en vagues de chaleur est déjà perceptible. Cette tendance se poursuivra d'ici le milieu du XXIe siècle sur l'ensemble du pays.",https://public.flourish.studio/uploads/168913/beef26db-22fd-44a9-8b03-206645cf71eb.png,"<a href=""https://www.flaticon.com/fr/icones-gratuites/temperature"" title=""température icônes"">Température icônes créées par Tru3 Art - Flaticon</a>"
2B,Haute-Corse,2B - Corte,Jours en vague de froid,S4,Santé,,sante,,0,0,1,0,j,"Un jour est considéré en vague de froid s'il s'inscrit dans un épisode, se produisant l'hiver, d'au moins cinq jours consécutifs pour lesquels la température minimale quotidienne est inférieure de plus de cinq degrés à la normale.",https://public.flourish.studio/uploads/168913/f4bc32e9-0cb4-4c94-8bf8-43f31162b2a8.png,"<a href=""https://www.flaticon.com/fr/icones-gratuites/du-froid"" title=""du froid icônes"">Du froid icônes créées par Tru3 Art - Flaticon</a>"
2B,Haute-Corse,2B - Corte,Jours consécutifs sans précipitations,AG1,Agriculture,hiver,agriculture,,13,14,16,13,j,"Un jour est considéré sans pluie si les précipitations quotidiennes correspondantes sont inférieures à 1 mm, c'est-à-dire inférieures à 1 litre d'eau par mètre-carré. L'augmentation du nombre de jours consécutifs sans pluie contribue, avec le renforcement de l'évaporation associée aux températures élevées à l'aggravation du risque de sécheresse.",https://public.flourish.studio/uploads/168913/0b50539c-99be-48b0-9869-418ee1073b93.png,"<a href=""https://www.flaticon.com/fr/icones-gratuites/temps-nuageux"" title=""temps nuageux icônes"">Temps nuageux icônes créées par Tru3 Art - Flaticon</a>"
2B,Haute-Corse,2B - Corte,Jours consécutifs sans précipitations,AG1,Agriculture,printemps,agriculture,,13,14,16,13,j,"Un jour est considéré sans pluie si les précipitations quotidiennes correspondantes sont inférieures à 1 mm, c'est-à-dire inférieures à 1 litre d'eau par mètre-carré. L'augmentation du nombre de jours consécutifs sans pluie contribue, avec le renforcement de l'évaporation associée aux températures élevées à l'aggravation du risque de sécheresse.",https://public.flourish.studio/uploads/168913/0b50539c-99be-48b0-9869-418ee1073b93.png,"<a href=""https://www.flaticon.com/fr/icones-gratuites/temps-nuageux"" title=""temps nuageux icônes"">Temps nuageux icônes créées par Tru3 Art - Flaticon</a>"
2B,Haute-Corse,2B - Corte,Jours consécutifs sans précipitations,AG1,Agriculture,été,agriculture,,26,27,42,27,j,"Un jour est considéré sans pluie si les précipitations quotidiennes correspondantes sont inférieures à 1 mm, c'est-à-dire inférieures à 1 litre d'eau par mètre-carré. L'augmentation du nombre de jours consécutifs sans pluie contribue, avec le renforcement de l'évaporation associée aux températures élevées à l'aggravation du risque de sécheresse.",https://public.flourish.studio/uploads/168913/0b50539c-99be-48b0-9869-418ee1073b93.png,"<a href=""https://www.flaticon.com/fr/icones-gratuites/temps-nuageux"" title=""temps nuageux icônes"">Temps nuageux icônes créées par Tru3 Art - Flaticon</a>"
2B,Haute-Corse,2B - Corte,Jours consécutifs sans précipitations,AG1,Agriculture,automne,agriculture,,13,15,18,14,j,"Un jour est considéré sans pluie si les précipitations quotidiennes correspondantes sont inférieures à 1 mm, c'est-à-dire inférieures à 1 litre d'eau par mètre-carré. L'augmentation du nombre de jours consécutifs sans pluie contribue, avec le renforcement de l'évaporation associée aux températures élevées à l'aggravation du risque de sécheresse.",https://public.flourish.studio/uploads/168913/0b50539c-99be-48b0-9869-418ee1073b93.png,"<a href=""https://www.flaticon.com/fr/icones-gratuites/temps-nuageux"" title=""temps nuageux icônes"">Temps nuageux icônes créées par Tru3 Art - Flaticon</a>"
